fpr_mean,tpr_mean,auc_mean,auc_sd
0.0,0.0,0.5340860839230127,0.06707735253031274
0.001001001001001001,0.00017647058823529413,0.5340860839230127,0.06707735253031274
0.002002002002002002,0.00017647058823529413,0.5340860839230127,0.06707735253031274
0.003003003003003003,0.00017647058823529413,0.5340860839230127,0.06707735253031274
0.004004004004004004,0.00017647058823529413,0.5340860839230127,0.06707735253031274
0.005005005005005005,0.00017647058823529413,0.5340860839230127,0.06707735253031274
0.006006006006006006,0.00017647058823529413,0.5340860839230127,0.06707735253031274
0.007007007007007007,0.00017647058823529413,0.5340860839230127,0.06707735253031274
0.008008008008008008,0.00017647058823529413,0.5340860839230127,0.06707735253031274
0.009009009009009009,0.00017647058823529413,0.5340860839230127,0.06707735253031274
0.01001001001001001,0.00017647058823529413,0.5340860839230127,0.06707735253031274
0.011011011011011011,0.00017647058823529413,0.5340860839230127,0.06707735253031274
0.012012012012012012,0.00017647058823529413,0.5340860839230127,0.06707735253031274
0.013013013013013013,0.00017647058823529413,0.5340860839230127,0.06707735253031274
0.014014014014014014,0.00017647058823529413,0.5340860839230127,0.06707735253031274
0.015015015015015015,0.00017647058823529413,0.5340860839230127,0.06707735253031274
0.016016016016016016,0.00017647058823529413,0.5340860839230127,0.06707735253031274
0.017017017017017015,0.00017647058823529413,0.5340860839230127,0.06707735253031274
0.018018018018018018,0.00017647058823529413,0.5340860839230127,0.06707735253031274
0.01901901901901902,0.00017647058823529413,0.5340860839230127,0.06707735253031274
0.02002002002002002,0.00017647058823529413,0.5340860839230127,0.06707735253031274
0.02102102102102102,0.00017647058823529413,0.5340860839230127,0.06707735253031274
0.022022022022022022,0.00017647058823529413,0.5340860839230127,0.06707735253031274
0.023023023023023025,0.00017647058823529413,0.5340860839230127,0.06707735253031274
0.024024024024024024,0.0002305246422893482,0.5340860839230127,0.06707735253031274
0.025025025025025023,0.0002305246422893482,0.5340860839230127,0.06707735253031274
0.026026026026026026,0.0002305246422893482,0.5340860839230127,0.06707735253031274
0.02702702702702703,0.0005561060376381854,0.5340860839230127,0.06707735253031274
0.028028028028028028,0.0005561060376381854,0.5340860839230127,0.06707735253031274
0.029029029029029027,0.0005561060376381854,0.5340860839230127,0.06707735253031274
0.03003003003003003,0.000751758211551229,0.5340860839230127,0.06707735253031274
0.031031031031031032,0.000751758211551229,0.5340860839230127,0.06707735253031274
0.03203203203203203,0.000751758211551229,0.5340860839230127,0.06707735253031274
0.03303303303303303,0.000751758211551229,0.5340860839230127,0.06707735253031274
0.03403403403403403,0.000751758211551229,0.5340860839230127,0.06707735253031274
0.035035035035035036,0.000751758211551229,0.5340860839230127,0.06707735253031274
0.036036036036036036,0.000751758211551229,0.5340860839230127,0.06707735253031274
0.037037037037037035,0.000751758211551229,0.5340860839230127,0.06707735253031274
0.03803803803803804,0.000751758211551229,0.5340860839230127,0.06707735253031274
0.03903903903903904,0.0011406471004401179,0.5340860839230127,0.06707735253031274
0.04004004004004004,0.0011406471004401179,0.5340860839230127,0.06707735253031274
0.04104104104104104,0.0011406471004401179,0.5340860839230127,0.06707735253031274
0.04204204204204204,0.0011406471004401179,0.5340860839230127,0.06707735253031274
0.043043043043043044,0.0011406471004401179,0.5340860839230127,0.06707735253031274
0.044044044044044044,0.0011700588651460003,0.5340860839230127,0.06707735253031274
0.04504504504504504,0.0011700588651460003,0.5340860839230127,0.06707735253031274
0.04604604604604605,0.0014200588651460003,0.5340860839230127,0.06707735253031274
0.04704704704704705,0.0017443831894703246,0.5340860839230127,0.06707735253031274
0.04804804804804805,0.002060172663154535,0.5340860839230127,0.06707735253031274
0.04904904904904905,0.0020858136887955607,0.5340860839230127,0.06707735253031274
0.050050050050050046,0.00238581368879556,0.5340860839230127,0.06707735253031274
0.05105105105105105,0.00238581368879556,0.5340860839230127,0.06707735253031274
0.05205205205205205,0.0024833746644053164,0.5340860839230127,0.06707735253031274
0.05305305305305305,0.002578612759643411,0.5340860839230127,0.06707735253031274
0.05405405405405406,0.0026018685735969,0.5340860839230127,0.06707735253031274
0.055055055055055056,0.0026018685735969,0.5340860839230127,0.06707735253031274
0.056056056056056056,0.002920050391778718,0.5340860839230127,0.06707735253031274
0.057057057057057055,0.002920050391778718,0.5340860839230127,0.06707735253031274
0.058058058058058054,0.0029644948362231626,0.5340860839230127,0.06707735253031274
0.05905905905905906,0.003247103531875336,0.5340860839230127,0.06707735253031274
0.06006006006006006,0.003247103531875336,0.5340860839230127,0.06707735253031274
0.06106106106106106,0.003247103531875336,0.5340860839230127,0.06707735253031274
0.062062062062062065,0.003247103531875336,0.5340860839230127,0.06707735253031274
0.06306306306306306,0.0034346035318753364,0.5340860839230127,0.06707735253031274
0.06406406406406406,0.0034346035318753364,0.5340860839230127,0.06707735253031274
0.06506506506506507,0.0034346035318753364,0.5340860839230127,0.06707735253031274
0.06606606606606606,0.0034346035318753364,0.5340860839230127,0.06707735253031274
0.06706706706706707,0.003463174960446765,0.5340860839230127,0.06707735253031274
0.06806806806806806,0.003463174960446765,0.5340860839230127,0.06707735253031274
0.06906906906906907,0.004108599797048072,0.5340860839230127,0.06707735253031274
0.07007007007007007,0.004514005202453478,0.5340860839230127,0.06707735253031274
0.07107107107107107,0.004514005202453478,0.5340860839230127,0.06707735253031274
0.07207207207207207,0.004724531518242952,0.5340860839230127,0.06707735253031274
0.07307307307307308,0.004724531518242952,0.5340860839230127,0.06707735253031274
0.07407407407407407,0.0050065828002942335,0.5340860839230127,0.06707735253031274
0.07507507507507508,0.005781582800294234,0.5340860839230127,0.06707735253031274
0.07607607607607608,0.005781582800294234,0.5340860839230127,0.06707735253031274
0.07707707707707707,0.00656884567292296,0.5340860839230127,0.06707735253031274
0.07807807807807808,0.00656884567292296,0.5340860839230127,0.06707735253031274
0.07907907907907907,0.007425988530065817,0.5340860839230127,0.06707735253031274
0.08008008008008008,0.007425988530065817,0.5340860839230127,0.06707735253031274
0.08108108108108109,0.008844593181228608,0.5340860839230127,0.06707735253031274
0.08208208208208208,0.008844593181228608,0.5340860839230127,0.06707735253031274
0.08308308308308308,0.008844593181228608,0.5340860839230127,0.06707735253031274
0.08408408408408408,0.009174138635774064,0.5340860839230127,0.06707735253031274
0.08508508508508508,0.009174138635774064,0.5340860839230127,0.06707735253031274
0.08608608608608609,0.01079838106001649,0.5340860839230127,0.06707735253031274
0.08708708708708708,0.011033675177663545,0.5340860839230127,0.06707735253031274
0.08808808808808809,0.011033675177663545,0.5340860839230127,0.06707735253031274
0.0890890890890891,0.012042370829837456,0.5340860839230127,0.06707735253031274
0.09009009009009009,0.012042370829837456,0.5340860839230127,0.06707735253031274
0.09109109109109109,0.013386933477591593,0.5340860839230127,0.06707735253031274
0.0920920920920921,0.013386933477591593,0.5340860839230127,0.06707735253031274
0.09309309309309309,0.013981528072186191,0.5340860839230127,0.06707735253031274
0.0940940940940941,0.014127361405519522,0.5340860839230127,0.06707735253031274
0.09509509509509509,0.014127361405519522,0.5340860839230127,0.06707735253031274
0.0960960960960961,0.014969466668677416,0.5340860839230127,0.06707735253031274
0.0970970970970971,0.015255180954391703,0.5340860839230127,0.06707735253031274
0.0980980980980981,0.01607569377490452,0.5340860839230127,0.06707735253031274
0.0990990990990991,0.01607569377490452,0.5340860839230127,0.06707735253031274
0.10010010010010009,0.017225693774904516,0.5340860839230127,0.06707735253031274
0.1011011011011011,0.017225693774904516,0.5340860839230127,0.06707735253031274
0.1021021021021021,0.017225693774904516,0.5340860839230127,0.06707735253031274
0.1031031031031031,0.01932325475051427,0.5340860839230127,0.06707735253031274
0.1041041041041041,0.01936247043678878,0.5340860839230127,0.06707735253031274
0.10510510510510511,0.01936247043678878,0.5340860839230127,0.06707735253031274
0.1061061061061061,0.020219613293931644,0.5340860839230127,0.06707735253031274
0.10710710710710711,0.020552946627264975,0.5340860839230127,0.06707735253031274
0.10810810810810811,0.022770746269483215,0.5340860839230127,0.06707735253031274
0.1091091091091091,0.023506040387130275,0.5340860839230127,0.06707735253031274
0.11011011011011011,0.023506040387130275,0.5340860839230127,0.06707735253031274
0.1111111111111111,0.026344352075441953,0.5340860839230127,0.06707735253031274
0.11211211211211211,0.026344352075441953,0.5340860839230127,0.06707735253031274
0.11311311311311312,0.026344352075441953,0.5340860839230127,0.06707735253031274
0.11411411411411411,0.027038796519886398,0.5340860839230127,0.06707735253031274
0.11511511511511512,0.027883240964330838,0.5340860839230127,0.06707735253031274
0.11611611611611611,0.027883240964330838,0.5340860839230127,0.06707735253031274
0.11711711711711711,0.02958594366703354,0.5340860839230127,0.06707735253031274
0.11811811811811812,0.031651161058337894,0.5340860839230127,0.06707735253031274
0.11911911911911911,0.03449326632149579,0.5340860839230127,0.06707735253031274
0.12012012012012012,0.03449326632149579,0.5340860839230127,0.06707735253031274
0.12112112112112113,0.03449326632149579,0.5340860839230127,0.06707735253031274
0.12212212212212212,0.03618120958390715,0.5340860839230127,0.06707735253031274
0.12312312312312312,0.03672959668068134,0.5340860839230127,0.06707735253031274
0.12412412412412413,0.03672959668068134,0.5340860839230127,0.06707735253031274
0.12512512512512514,0.04032334668068137,0.5340860839230127,0.06707735253031274
0.12612612612612611,0.04032334668068137,0.5340860839230127,0.06707735253031274
0.12712712712712712,0.04032334668068137,0.5340860839230127,0.06707735253031274
0.12812812812812813,0.04056577092310561,0.5340860839230127,0.06707735253031274
0.12912912912912913,0.04500628859358843,0.5340860839230127,0.06707735253031274
0.13013013013013014,0.04500628859358843,0.5340860839230127,0.06707735253031274
0.13113113113113112,0.046182759181823727,0.5340860839230127,0.06707735253031274
0.13213213213213212,0.04868275918182372,0.5340860839230127,0.06707735253031274
0.13313313313313313,0.04868275918182372,0.5340860839230127,0.06707735253031274
0.13413413413413414,0.05045704489610944,0.5340860839230127,0.06707735253031274
0.13513513513513514,0.05375937047750477,0.5340860839230127,0.06707735253031274
0.13613613613613612,0.05375937047750477,0.5340860839230127,0.06707735253031274
0.13713713713713713,0.056092703810838127,0.5340860839230127,0.06707735253031274
0.13813813813813813,0.056916233222602836,0.5340860839230127,0.06707735253031274
0.13913913913913914,0.05877986958623919,0.5340860839230127,0.06707735253031274
0.14014014014014015,0.06102311282948243,0.5340860839230127,0.06707735253031274
0.14114114114114115,0.06102311282948243,0.5340860839230127,0.06707735253031274
0.14214214214214213,0.06102311282948243,0.5340860839230127,0.06707735253031274
0.14314314314314314,0.06719120230461774,0.5340860839230127,0.06707735253031274
0.14414414414414414,0.06719120230461774,0.5340860839230127,0.06707735253031274
0.14514514514514515,0.06719120230461774,0.5340860839230127,0.06707735253031274
0.14614614614614616,0.06803495230461772,0.5340860839230127,0.06707735253031274
0.14714714714714713,0.07242792889324645,0.5340860839230127,0.06707735253031274
0.14814814814814814,0.07242792889324645,0.5340860839230127,0.06707735253031274
0.14914914914914915,0.07273095919627674,0.5340860839230127,0.06707735253031274
0.15015015015015015,0.07555595919627675,0.5340860839230127,0.06707735253031274
0.15115115115115116,0.075815218455536,0.5340860839230127,0.06707735253031274
0.15215215215215216,0.07643223973213174,0.5340860839230127,0.06707735253031274
0.15315315315315314,0.07860871032036702,0.5340860839230127,0.06707735253031274
0.15415415415415415,0.08345920715866875,0.5340860839230127,0.06707735253031274
0.15515515515515516,0.08345920715866875,0.5340860839230127,0.06707735253031274
0.15615615615615616,0.08694492144438307,0.5340860839230127,0.06707735253031274
0.15715715715715717,0.08827825477771642,0.5340860839230127,0.06707735253031274
0.15815815815815815,0.09101635001581168,0.5340860839230127,0.06707735253031274
0.15915915915915915,0.09271079446025612,0.5340860839230127,0.06707735253031274
0.16016016016016016,0.09294412779358946,0.5340860839230127,0.06707735253031274
0.16116116116116116,0.09294412779358946,0.5340860839230127,0.06707735253031274
0.16216216216216217,0.09713681882348978,0.5340860839230127,0.06707735253031274
0.16316316316316315,0.10029898098565194,0.5340860839230127,0.06707735253031274
0.16416416416416416,0.1013312390501681,0.5340860839230127,0.06707735253031274
0.16516516516516516,0.1013312390501681,0.5340860839230127,0.06707735253031274
0.16616616616616617,0.1013312390501681,0.5340860839230127,0.06707735253031274
0.16716716716716717,0.10980691488748864,0.5340860839230127,0.06707735253031274
0.16816816816816815,0.10980691488748864,0.5340860839230127,0.06707735253031274
0.16916916916916916,0.10980691488748864,0.5340860839230127,0.06707735253031274
0.17017017017017017,0.10980691488748864,0.5340860839230127,0.06707735253031274
0.17117117117117117,0.11409362817420192,0.5340860839230127,0.06707735253031274
0.17217217217217218,0.11796029484086858,0.5340860839230127,0.06707735253031274
0.17317317317317318,0.11817598111537837,0.5340860839230127,0.06707735253031274
0.17417417417417416,0.11932303993890779,0.5340860839230127,0.06707735253031274
0.17517517517517517,0.12404803993890783,0.5340860839230127,0.06707735253031274
0.17617617617617617,0.12404803993890783,0.5340860839230127,0.06707735253031274
0.17717717717717718,0.1269415931622961,0.5340860839230127,0.06707735253031274
0.1781781781781782,0.1293130217337247,0.5340860839230127,0.06707735253031274
0.17917917917917917,0.13008225250295544,0.5340860839230127,0.06707735253031274
0.18018018018018017,0.13420501673059773,0.5340860839230127,0.06707735253031274
0.18118118118118118,0.13420501673059773,0.5340860839230127,0.06707735253031274
0.18218218218218218,0.13875584415376555,0.5340860839230127,0.06707735253031274
0.1831831831831832,0.13875584415376555,0.5340860839230127,0.06707735253031274
0.1841841841841842,0.13975584415376555,0.5340860839230127,0.06707735253031274
0.18518518518518517,0.14566060605852751,0.5340860839230127,0.06707735253031274
0.18618618618618618,0.14857952497744648,0.5340860839230127,0.06707735253031274
0.1871871871871872,0.14857952497744648,0.5340860839230127,0.06707735253031274
0.1881881881881882,0.15076702497744646,0.5340860839230127,0.06707735253031274
0.1891891891891892,0.15311586218674872,0.5340860839230127,0.06707735253031274
0.19019019019019018,0.15311586218674872,0.5340860839230127,0.06707735253031274
0.19119119119119118,0.15751059902885406,0.5340860839230127,0.06707735253031274
0.1921921921921922,0.15893484145309644,0.5340860839230127,0.06707735253031274
0.1931931931931932,0.15913854515680012,0.5340860839230127,0.06707735253031274
0.1941941941941942,0.15973038189149397,0.5340860839230127,0.06707735253031274
0.19519519519519518,0.16980031196142406,0.5340860839230127,0.06707735253031274
0.1961961961961962,0.1725761740303895,0.5340860839230127,0.06707735253031274
0.1971971971971972,0.1725761740303895,0.5340860839230127,0.06707735253031274
0.1981981981981982,0.1725761740303895,0.5340860839230127,0.06707735253031274
0.1991991991991992,0.1725761740303895,0.5340860839230127,0.06707735253031274
0.20020020020020018,0.1866183962526118,0.5340860839230127,0.06707735253031274
0.2012012012012012,0.1866183962526118,0.5340860839230127,0.06707735253031274
0.2022022022022022,0.1866183962526118,0.5340860839230127,0.06707735253031274
0.2032032032032032,0.1866183962526118,0.5340860839230127,0.06707735253031274
0.2042042042042042,0.18719904141390215,0.5340860839230127,0.06707735253031274
0.20520520520520522,0.19709741539764192,0.5340860839230127,0.06707735253031274
0.2062062062062062,0.1994669806150333,0.5340860839230127,0.06707735253031274
0.2072072072072072,0.1999963923797392,0.5340860839230127,0.06707735253031274
0.2082082082082082,0.20010750349085032,0.5340860839230127,0.06707735253031274
0.2092092092092092,0.20010750349085032,0.5340860839230127,0.06707735253031274
0.21021021021021022,0.20294534132868813,0.5340860839230127,0.06707735253031274
0.2112112112112112,0.20927867466202146,0.5340860839230127,0.06707735253031274
0.2122122122122122,0.21088353788390599,0.5340860839230127,0.06707735253031274
0.2132132132132132,0.21282293182329992,0.5340860839230127,0.06707735253031274
0.21421421421421422,0.21282293182329992,0.5340860839230127,0.06707735253031274
0.21521521521521522,0.21761442979900844,0.5340860839230127,0.06707735253031274
0.21621621621621623,0.22160079708048402,0.5340860839230127,0.06707735253031274
0.2172172172172172,0.22160079708048402,0.5340860839230127,0.06707735253031274
0.2182182182182182,0.22298315002166055,0.5340860839230127,0.06707735253031274
0.21921921921921922,0.22550398335499386,0.5340860839230127,0.06707735253031274
0.22022022022022023,0.23048347053448107,0.5340860839230127,0.06707735253031274
0.22122122122122123,0.23048347053448107,0.5340860839230127,0.06707735253031274
0.2222222222222222,0.23615944456045496,0.5340860839230127,0.06707735253031274
0.22322322322322322,0.23615944456045496,0.5340860839230127,0.06707735253031274
0.22422422422422422,0.23615944456045496,0.5340860839230127,0.06707735253031274
0.22522522522522523,0.24296508972174521,0.5340860839230127,0.06707735253031274
0.22622622622622623,0.24359774278296975,0.5340860839230127,0.06707735253031274
0.2272272272272272,0.24359774278296975,0.5340860839230127,0.06707735253031274
0.22822822822822822,0.24593107611630305,0.5340860839230127,0.06707735253031274
0.22922922922922923,0.24984565944963635,0.5340860839230127,0.06707735253031274
0.23023023023023023,0.24984565944963635,0.5340860839230127,0.06707735253031274
0.23123123123123124,0.2571265989256978,0.5340860839230127,0.06707735253031274
0.23223223223223222,0.2571265989256978,0.5340860839230127,0.06707735253031274
0.23323323323323322,0.26280227460137345,0.5340860839230127,0.06707735253031274
0.23423423423423423,0.2657131836922826,0.5340860839230127,0.06707735253031274
0.23523523523523523,0.2657131836922826,0.5340860839230127,0.06707735253031274
0.23623623623623624,0.2694635585048764,0.5340860839230127,0.06707735253031274
0.23723723723723725,0.27272546326678127,0.5340860839230127,0.06707735253031274
0.23823823823823823,0.2774623053720444,0.5340860839230127,0.06707735253031274
0.23923923923923923,0.2786387759602797,0.5340860839230127,0.06707735253031274
0.24024024024024024,0.2788054426269464,0.5340860839230127,0.06707735253031274
0.24124124124124124,0.2788054426269464,0.5340860839230127,0.06707735253031274
0.24224224224224225,0.2793740700779268,0.5340860839230127,0.06707735253031274
0.24324324324324323,0.2804378998651608,0.5340860839230127,0.06707735253031274
0.24424424424424424,0.2894862004018334,0.5340860839230127,0.06707735253031274
0.24524524524524524,0.29398666123132644,0.5340860839230127,0.06707735253031274
0.24624624624624625,0.29398666123132644,0.5340860839230127,0.06707735253031274
0.24724724724724725,0.29398666123132644,0.5340860839230127,0.06707735253031274
0.24824824824824826,0.29398666123132644,0.5340860839230127,0.06707735253031274
0.24924924924924924,0.29398666123132644,0.5340860839230127,0.06707735253031274
0.2502502502502503,0.30605767424608965,0.5340860839230127,0.06707735253031274
0.25125125125125125,0.30605767424608965,0.5340860839230127,0.06707735253031274
0.25225225225225223,0.30605767424608965,0.5340860839230127,0.06707735253031274
0.25325325325325326,0.30605767424608965,0.5340860839230127,0.06707735253031274
0.25425425425425424,0.30605767424608965,0.5340860839230127,0.06707735253031274
0.2552552552552553,0.3062990535564345,0.5340860839230127,0.06707735253031274
0.25625625625625625,0.31041371367109455,0.5340860839230127,0.06707735253031274
0.25725725725725723,0.32000504158437376,0.5340860839230127,0.06707735253031274
0.25825825825825827,0.3210050415843737,0.5340860839230127,0.06707735253031274
0.25925925925925924,0.32104350312283525,0.5340860839230127,0.06707735253031274
0.2602602602602603,0.32117683645616857,0.5340860839230127,0.06707735253031274
0.26126126126126126,0.32244154233852157,0.5340860839230127,0.06707735253031274
0.26226226226226224,0.32583627918062696,0.5340860839230127,0.06707735253031274
0.26326326326326327,0.3299791363234842,0.5340860839230127,0.06707735253031274
0.26426426426426425,0.3299791363234842,0.5340860839230127,0.06707735253031274
0.2652652652652653,0.33217478849739723,0.5340860839230127,0.06707735253031274
0.26626626626626626,0.3326909175296553,0.5340860839230127,0.06707735253031274
0.26726726726726724,0.3364223461010837,0.5340860839230127,0.06707735253031274
0.2682682682682683,0.3364223461010837,0.5340860839230127,0.06707735253031274
0.26926926926926925,0.3411930013717391,0.5340860839230127,0.06707735253031274
0.2702702702702703,0.3459371874182507,0.5340860839230127,0.06707735253031274
0.27127127127127126,0.3465621874182507,0.5340860839230127,0.06707735253031274
0.27227227227227224,0.3465621874182507,0.5340860839230127,0.06707735253031274
0.2732732732732733,0.35110474060974,0.5340860839230127,0.06707735253031274
0.27427427427427425,0.35110474060974,0.5340860839230127,0.06707735253031274
0.2752752752752753,0.3551892233683608,0.5340860839230127,0.06707735253031274
0.27627627627627627,0.35526765474090977,0.5340860839230127,0.06707735253031274
0.2772772772772773,0.3569343214075764,0.5340860839230127,0.06707735253031274
0.2782782782782783,0.36013886686212204,0.5340860839230127,0.06707735253031274
0.27927927927927926,0.36416589388914894,0.5340860839230127,0.06707735253031274
0.2802802802802803,0.364265893889149,0.5340860839230127,0.06707735253031274
0.28128128128128127,0.3653908938891489,0.5340860839230127,0.06707735253031274
0.2822822822822823,0.37022016218183185,0.5340860839230127,0.06707735253031274
0.2832832832832833,0.37205894213825874,0.5340860839230127,0.06707735253031274
0.28428428428428426,0.37205894213825874,0.5340860839230127,0.06707735253031274
0.2852852852852853,0.37205894213825874,0.5340860839230127,0.06707735253031274
0.2862862862862863,0.3802334019644163,0.5340860839230127,0.06707735253031274
0.2872872872872873,0.3802334019644163,0.5340860839230127,0.06707735253031274
0.2882882882882883,0.3802334019644163,0.5340860839230127,0.06707735253031274
0.28928928928928926,0.38343340196441644,0.5340860839230127,0.06707735253031274
0.2902902902902903,0.38750483053584506,0.5340860839230127,0.06707735253031274
0.2912912912912913,0.38874972849502865,0.5340860839230127,0.06707735253031274
0.2922922922922923,0.38912472849502866,0.5340860839230127,0.06707735253031274
0.2932932932932933,0.39453498490528477,0.5340860839230127,0.06707735253031274
0.29429429429429427,0.39658595941802843,0.5340860839230127,0.06707735253031274
0.2952952952952953,0.39658595941802843,0.5340860839230127,0.06707735253031274
0.2962962962962963,0.3992056175376866,0.5340860839230127,0.06707735253031274
0.2972972972972973,0.4025777105609423,0.5340860839230127,0.06707735253031274
0.2982982982982983,0.4034261954094272,0.5340860839230127,0.06707735253031274
0.29929929929929927,0.4034261954094272,0.5340860839230127,0.06707735253031274
0.3003003003003003,0.40782119540942735,0.5340860839230127,0.06707735253031274
0.3013013013013013,0.40782119540942735,0.5340860839230127,0.06707735253031274
0.3023023023023023,0.40782119540942735,0.5340860839230127,0.06707735253031274
0.3033033033033033,0.41412539322426345,0.5340860839230127,0.06707735253031274
0.30430430430430433,0.41412539322426345,0.5340860839230127,0.06707735253031274
0.3053053053053053,0.41474304028308706,0.5340860839230127,0.06707735253031274
0.3063063063063063,0.418336148787486,0.5340860839230127,0.06707735253031274
0.3073073073073073,0.418336148787486,0.5340860839230127,0.06707735253031274
0.3083083083083083,0.4236449950902346,0.5340860839230127,0.06707735253031274
0.30930930930930933,0.4236449950902346,0.5340860839230127,0.06707735253031274
0.3103103103103103,0.426460784563919,0.5340860839230127,0.06707735253031274
0.3113113113113113,0.42867591061433924,0.5340860839230127,0.06707735253031274
0.3123123123123123,0.42867591061433924,0.5340860839230127,0.06707735253031274
0.3133133133133133,0.42989466061433923,0.5340860839230127,0.06707735253031274
0.31431431431431434,0.4315835495032281,0.5340860839230127,0.06707735253031274
0.3153153153153153,0.4315835495032281,0.5340860839230127,0.06707735253031274
0.3163163163163163,0.43348831140799,0.5340860839230127,0.06707735253031274
0.3173173173173173,0.4368729267926051,0.5340860839230127,0.06707735253031274
0.3183183183183183,0.4383451490148273,0.5340860839230127,0.06707735253031274
0.31931931931931934,0.4384663611360394,0.5340860839230127,0.06707735253031274
0.3203203203203203,0.43866636113603935,0.5340860839230127,0.06707735253031274
0.3213213213213213,0.43866636113603935,0.5340860839230127,0.06707735253031274
0.32232232232232233,0.43880097652065475,0.5340860839230127,0.06707735253031274
0.3233233233233233,0.4395764867247364,0.5340860839230127,0.06707735253031274
0.32432432432432434,0.4439233016893471,0.5340860839230127,0.06707735253031274
0.3253253253253253,0.44704830168934695,0.5340860839230127,0.06707735253031274
0.3263263263263263,0.45024702982925163,0.5340860839230127,0.06707735253031274
0.32732732732732733,0.45053735240989673,0.5340860839230127,0.06707735253031274
0.3283283283283283,0.45053735240989673,0.5340860839230127,0.06707735253031274
0.32932932932932935,0.45053735240989673,0.5340860839230127,0.06707735253031274
0.3303303303303303,0.45053735240989673,0.5340860839230127,0.06707735253031274
0.3313313313313313,0.45053735240989673,0.5340860839230127,0.06707735253031274
0.33233233233233234,0.45053735240989673,0.5340860839230127,0.06707735253031274
0.3333333333333333,0.4614098288447531,0.5340860839230127,0.06707735253031274
0.33433433433433435,0.4614098288447531,0.5340860839230127,0.06707735253031274
0.3353353353353353,0.4614098288447531,0.5340860839230127,0.06707735253031274
0.3363363363363363,0.4614098288447531,0.5340860839230127,0.06707735253031274
0.33733733733733734,0.4614098288447531,0.5340860839230127,0.06707735253031274
0.3383383383383383,0.4614098288447531,0.5340860839230127,0.06707735253031274
0.33933933933933935,0.4614098288447531,0.5340860839230127,0.06707735253031274
0.34034034034034033,0.46151723625216057,0.5340860839230127,0.06707735253031274
0.34134134134134136,0.46343642817135244,0.5340860839230127,0.06707735253031274
0.34234234234234234,0.469180017914942,0.5340860839230127,0.06707735253031274
0.3433433433433433,0.47102446235938655,0.5340860839230127,0.06707735253031274
0.34434434434434436,0.47198279569271995,0.5340860839230127,0.06707735253031274
0.34534534534534533,0.472139658437818,0.5340860839230127,0.06707735253031274
0.34634634634634637,0.472176695474855,0.5340860839230127,0.06707735253031274
0.34734734734734735,0.4724670180555001,0.5340860839230127,0.06707735253031274
0.3483483483483483,0.47340819452608834,0.5340860839230127,0.06707735253031274
0.34934934934934936,0.4745163026341965,0.5340860839230127,0.06707735253031274
0.35035035035035034,0.47721630263419623,0.5340860839230127,0.06707735253031274
0.35135135135135137,0.47972793054117296,0.5340860839230127,0.06707735253031274
0.35235235235235235,0.47972793054117296,0.5340860839230127,0.06707735253031274
0.3533533533533533,0.4817279305411729,0.5340860839230127,0.06707735253031274
0.35435435435435436,0.4823216805411729,0.5340860839230127,0.06707735253031274
0.35535535535535534,0.48303596625545864,0.5340860839230127,0.06707735253031274
0.3563563563563564,0.48417882339831575,0.5340860839230127,0.06707735253031274
0.35735735735735735,0.48613950371425924,0.5340860839230127,0.06707735253031274
0.35835835835835833,0.4861402223816446,0.5340860839230127,0.06707735253031274
0.35935935935935936,0.4881409410490299,0.5340860839230127,0.06707735253031274
0.36036036036036034,0.4881416597164152,0.5340860839230127,0.06707735253031274
0.3613613613613614,0.4891196511110732,0.5340860839230127,0.06707735253031274
0.36236236236236236,0.4896355212936101,0.5340860839230127,0.06707735253031274
0.36336336336336333,0.4896362399609954,0.5340860839230127,0.06707735253031274
0.36436436436436437,0.49212218321466905,0.5340860839230127,0.06707735253031274
0.36536536536536535,0.49212290188205443,0.5340860839230127,0.06707735253031274
0.3663663663663664,0.4947133641391833,0.5340860839230127,0.06707735253031274
0.36736736736736736,0.49524440538721387,0.5340860839230127,0.06707735253031274
0.3683683683683684,0.4952451240545992,0.5340860839230127,0.06707735253031274
0.36936936936936937,0.4972458427219846,0.5340860839230127,0.06707735253031274
0.37037037037037035,0.49792303197760507,0.5340860839230127,0.06707735253031274
0.3713713713713714,0.49792375064499045,0.5340860839230127,0.06707735253031274
0.37237237237237236,0.5007569017448081,0.5340860839230127,0.06707735253031274
0.3733733733733734,0.5008610686880556,0.5340860839230127,0.06707735253031274
0.3743743743743744,0.500861787355441,0.5340860839230127,0.06707735253031274
0.37537537537537535,0.5039437560228265,0.5340860839230127,0.06707735253031274
0.3763763763763764,0.5039444746902118,0.5340860839230127,0.06707735253031274
0.37737737737737737,0.5039451933575971,0.5340860839230127,0.06707735253031274
0.3783783783783784,0.5074263106960787,0.5340860839230127,0.06707735253031274
0.3793793793793794,0.5077015391673856,0.5340860839230127,0.06707735253031274
0.38038038038038036,0.507802257834771,0.5340860839230127,0.06707735253031274
0.3813813813813814,0.5092503449232089,0.5340860839230127,0.06707735253031274
0.38238238238238237,0.5104032375036378,0.5340860839230127,0.06707735253031274
0.3833833833833834,0.5111009258679927,0.5340860839230127,0.06707735253031274
0.3843843843843844,0.5111016445353781,0.5340860839230127,0.06707735253031274
0.38538538538538536,0.5141788892061188,0.5340860839230127,0.06707735253031274
0.3863863863863864,0.5144018300957264,0.5340860839230127,0.06707735253031274
0.38738738738738737,0.5148719365182137,0.5340860839230127,0.06707735253031274
0.3883883883883884,0.5152274938952766,0.5340860839230127,0.06707735253031274
0.3893893893893894,0.5163418489262981,0.5340860839230127,0.06707735253031274
0.39039039039039036,0.5180605163116321,0.5340860839230127,0.06707735253031274
0.3913913913913914,0.5185318232143116,0.5340860839230127,0.06707735253031274
0.3923923923923924,0.5186704729161797,0.5340860839230127,0.06707735253031274
0.3933933933933934,0.5189404223527957,0.5340860839230127,0.06707735253031274
0.3943943943943944,0.5195156091052875,0.5340860839230127,0.06707735253031274
0.39539539539539537,0.522831643087988,0.5340860839230127,0.06707735253031274
0.3963963963963964,0.5232073617553733,0.5340860839230127,0.06707735253031274
0.3973973973973974,0.5232080804227587,0.5340860839230127,0.06707735253031274
0.3983983983983984,0.523208799090144,0.5340860839230127,0.06707735253031274
0.3993993993993994,0.5232095177575294,0.5340860839230127,0.06707735253031274
0.40040040040040037,0.5275319030915813,0.5340860839230127,0.06707735253031274
0.4014014014014014,0.5275326217589665,0.5340860839230127,0.06707735253031274
0.4024024024024024,0.5275333404263519,0.5340860839230127,0.06707735253031274
0.4034034034034034,0.5275340590937373,0.5340860839230127,0.06707735253031274
0.4044044044044044,0.5278735223498671,0.5340860839230127,0.06707735253031274
0.40540540540540543,0.531289173697791,0.5340860839230127,0.06707735253031274
0.4064064064064064,0.5316440590318432,0.5340860839230127,0.06707735253031274
0.4074074074074074,0.53168323923769,0.5340860839230127,0.06707735253031274
0.4084084084084084,0.531845248227656,0.5340860839230127,0.06707735253031274
0.4094094094094094,0.5327904113394859,0.5340860839230127,0.06707735253031274
0.41041041041041043,0.5343033251288221,0.5340860839230127,0.06707735253031274
0.4114114114114114,0.5343040437962074,0.5340860839230127,0.06707735253031274
0.4124124124124124,0.5354389453721385,0.5340860839230127,0.06707735253031274
0.4134134134134134,0.5357337816865827,0.5340860839230127,0.06707735253031274
0.4144144144144144,0.5359697944716153,0.5340860839230127,0.06707735253031274
0.41541541541541543,0.5377254988939862,0.5340860839230127,0.06707735253031274
0.4164164164164164,0.5377262175613715,0.5340860839230127,0.06707735253031274
0.4174174174174174,0.538783754410575,0.5340860839230127,0.06707735253031274
0.4184184184184184,0.5387844730779603,0.5340860839230127,0.06707735253031274
0.4194194194194194,0.5416224780112032,0.5340860839230127,0.06707735253031274
0.42042042042042044,0.5416898633452553,0.5340860839230127,0.06707735253031274
0.4214214214214214,0.5433096296316883,0.5340860839230127,0.06707735253031274
0.4224224224224224,0.5440817768705021,0.5340860839230127,0.06707735253031274
0.42342342342342343,0.544153924109316,0.5340860839230127,0.06707735253031274
0.4244244244244244,0.544707962053425,0.5340860839230127,0.06707735253031274
0.42542542542542544,0.5460343835513005,0.5340860839230127,0.06707735253031274
0.4264264264264264,0.5462176232309939,0.5340860839230127,0.06707735253031274
0.4274274274274274,0.5462190447288693,0.5340860839230127,0.06707735253031274
0.42842842842842843,0.5462204662267447,0.5340860839230127,0.06707735253031274
0.4294294294294294,0.5488217745384286,0.5340860839230127,0.06707735253031274
0.43043043043043044,0.5488231960363041,0.5340860839230127,0.06707735253031274
0.4314314314314314,0.5488591002928003,0.5340860839230127,0.06707735253031274
0.43243243243243246,0.5506815812222003,0.5340860839230127,0.06707735253031274
0.43343343343343343,0.5508630027200756,0.5340860839230127,0.06707735253031274
0.4344344344344344,0.5508644242179511,0.5340860839230127,0.06707735253031274
0.43543543543543545,0.5511893751275913,0.5340860839230127,0.06707735253031274
0.4364364364364364,0.5530932356498568,0.5340860839230127,0.06707735253031274
0.43743743743743746,0.5530946571477323,0.5340860839230127,0.06707735253031274
0.43843843843843844,0.5535960786456076,0.5340860839230127,0.06707735253031274
0.4394394394394394,0.5551359616819449,0.5340860839230127,0.06707735253031274
0.44044044044044045,0.5551373831798202,0.5340860839230127,0.06707735253031274
0.44144144144144143,0.5561388046776955,0.5340860839230127,0.06707735253031274
0.44244244244244246,0.5572927358280805,0.5340860839230127,0.06707735253031274
0.44344344344344344,0.5572941573259559,0.5340860839230127,0.06707735253031274
0.4444444444444444,0.5590962281744807,0.5340860839230127,0.06707735253031274
0.44544544544544545,0.5590976496723561,0.5340860839230127,0.06707735253031274
0.44644644644644643,0.5590990711702314,0.5340860839230127,0.06707735253031274
0.44744744744744747,0.5611697567373709,0.5340860839230127,0.06707735253031274
0.44844844844844844,0.5612300017646579,0.5340860839230127,0.06707735253031274
0.4494494494494494,0.5614249716496301,0.5340860839230127,0.06707735253031274
0.45045045045045046,0.5629013931475052,0.5340860839230127,0.06707735253031274
0.45145145145145144,0.5629028146453806,0.5340860839230127,0.06707735253031274
0.45245245245245247,0.5648440857673164,0.5340860839230127,0.06707735253031274
0.45345345345345345,0.5648455072651917,0.5340860839230127,0.06707735253031274
0.4544544544544544,0.5648469287630671,0.5340860839230127,0.06707735253031274
0.45545545545545546,0.5660001935936368,0.5340860839230127,0.06707735253031274
0.45645645645645644,0.5660009122610222,0.5340860839230127,0.06707735253031274
0.4574574574574575,0.5670944413859239,0.5340860839230127,0.06707735253031274
0.45845845845845845,0.5671264100533093,0.5340860839230127,0.06707735253031274
0.45945945945945943,0.5671271287206946,0.5340860839230127,0.06707735253031274
0.46046046046046046,0.5678355993260643,0.5340860839230127,0.06707735253031274
0.46146146146146144,0.5678363179934497,0.5340860839230127,0.06707735253031274
0.4624624624624625,0.5695872624964264,0.5340860839230127,0.06707735253031274
0.46346346346346345,0.5711264427022732,0.5340860839230127,0.06707735253031274
0.46446446446446443,0.5715116484208124,0.5340860839230127,0.06707735253031274
0.46546546546546547,0.5725116484208125,0.5340860839230127,0.06707735253031274
0.46646646646646645,0.5725116484208125,0.5340860839230127,0.06707735253031274
0.4674674674674675,0.5731945055636696,0.5340860839230127,0.06707735253031274
0.46846846846846846,0.5733157176848818,0.5340860839230127,0.06707735253031274
0.4694694694694695,0.5738822499429461,0.5340860839230127,0.06707735253031274
0.47047047047047047,0.5738822499429461,0.5340860839230127,0.06707735253031274
0.47147147147147145,0.5747952934212072,0.5340860839230127,0.06707735253031274
0.4724724724724725,0.5756362025121162,0.5340860839230127,0.06707735253031274
0.47347347347347346,0.5756362025121162,0.5340860839230127,0.06707735253031274
0.4744744744744745,0.5765409644168781,0.5340860839230127,0.06707735253031274
0.4754754754754755,0.578265964416878,0.5340860839230127,0.06707735253031274
0.47647647647647645,0.5793185959958254,0.5340860839230127,0.06707735253031274
0.4774774774774775,0.5796797071069365,0.5340860839230127,0.06707735253031274
0.47847847847847846,0.5800032365187011,0.5340860839230127,0.06707735253031274
0.4794794794794795,0.5800032365187011,0.5340860839230127,0.06707735253031274
0.4804804804804805,0.5800365698520346,0.5340860839230127,0.06707735253031274
0.48148148148148145,0.5800365698520346,0.5340860839230127,0.06707735253031274
0.4824824824824825,0.5800365698520346,0.5340860839230127,0.06707735253031274
0.48348348348348347,0.5801150012245836,0.5340860839230127,0.06707735253031274
0.4844844844844845,0.5804415318368285,0.5340860839230127,0.06707735253031274
0.4854854854854855,0.580739404177254,0.5340860839230127,0.06707735253031274
0.48648648648648646,0.5813838486216985,0.5340860839230127,0.06707735253031274
0.4874874874874875,0.5842762242644995,0.5340860839230127,0.06707735253031274
0.48848848848848847,0.5862968650056415,0.5340860839230127,0.06707735253031274
0.4894894894894895,0.5872277928840974,0.5340860839230127,0.06707735253031274
0.4904904904904905,0.5873256248262314,0.5340860839230127,0.06707735253031274
0.49149149149149146,0.5873266825748172,0.5340860839230127,0.06707735253031274
0.4924924924924925,0.587327740323403,0.5340860839230127,0.06707735253031274
0.4934934934934935,0.5873287980719888,0.5340860839230127,0.06707735253031274
0.4944944944944945,0.5873298558205745,0.5340860839230127,0.06707735253031274
0.4954954954954955,0.5873309135691602,0.5340860839230127,0.06707735253031274
0.4964964964964965,0.5873319713177461,0.5340860839230127,0.06707735253031274
0.4974974974974975,0.5873330290663318,0.5340860839230127,0.06707735253031274
0.4984984984984985,0.5873340868149175,0.5340860839230127,0.06707735253031274
0.4994994994994995,0.5873351445635032,0.5340860839230127,0.06707735253031274
0.5005005005005005,0.5938242153232031,0.5340860839230127,0.06707735253031274
0.5015015015015015,0.5938271847579111,0.5340860839230127,0.06707735253031274
0.5025025025025025,0.593830154192619,0.5340860839230127,0.06707735253031274
0.5035035035035035,0.5938331236273269,0.5340860839230127,0.06707735253031274
0.5045045045045045,0.5938360930620349,0.5340860839230127,0.06707735253031274
0.5055055055055055,0.5938390624967428,0.5340860839230127,0.06707735253031274
0.5065065065065065,0.5938420319314508,0.5340860839230127,0.06707735253031274
0.5075075075075075,0.5938450013661588,0.5340860839230127,0.06707735253031274
0.5085085085085085,0.5938479708008668,0.5340860839230127,0.06707735253031274
0.5095095095095095,0.5938509402355747,0.5340860839230127,0.06707735253031274
0.5105105105105106,0.5940496827514841,0.5340860839230127,0.06707735253031274
0.5115115115115115,0.5947706585041982,0.5340860839230127,0.06707735253031274
0.5125125125125125,0.5966363643016425,0.5340860839230127,0.06707735253031274
0.5135135135135135,0.5985457837809175,0.5340860839230127,0.06707735253031274
0.5145145145145145,0.5993732058912977,0.5340860839230127,0.06707735253031274
0.5155155155155156,0.5996550015241366,0.5340860839230127,0.06707735253031274
0.5165165165165165,0.5999874674538463,0.5340860839230127,0.06707735253031274
0.5175175175175175,0.6000926064167332,0.5340860839230127,0.06707735253031274
0.5185185185185185,0.6001381677023954,0.5340860839230127,0.06707735253031274
0.5195195195195195,0.600145267449596,0.5340860839230127,0.06707735253031274
0.5205205205205206,0.6001523671967967,0.5340860839230127,0.06707735253031274
0.5215215215215215,0.6003469669439974,0.5340860839230127,0.06707735253031274
0.5225225225225225,0.6007364196323745,0.5340860839230127,0.06707735253031274
0.5235235235235235,0.6010771771113812,0.5340860839230127,0.06707735253031274
0.5245245245245245,0.6022696854640681,0.5340860839230127,0.06707735253031274
0.5255255255255256,0.6030790876843072,0.5340860839230127,0.06707735253031274
0.5265265265265265,0.6043511078796642,0.5340860839230127,0.06707735253031274
0.5275275275275275,0.6043612233131165,0.5340860839230127,0.06707735253031274
0.5285285285285285,0.6050304296556595,0.5340860839230127,0.06707735253031274
0.5295295295295295,0.6058795062391675,0.5340860839230127,0.06707735253031274
0.5305305305305306,0.6058907314780774,0.5340860839230127,0.06707735253031274
0.5315315315315315,0.6063326273069318,0.5340860839230127,0.06707735253031274
0.5325325325325325,0.6066791878811771,0.5340860839230127,0.06707735253031274
0.5335335335335335,0.6076867008363745,0.5340860839230127,0.06707735253031274
0.5345345345345345,0.6076999280772865,0.5340860839230127,0.06707735253031274
0.5355355355355356,0.6088479116961978,0.5340860839230127,0.06707735253031274
0.5365365365365365,0.6088990188128273,0.5340860839230127,0.06707735253031274
0.5375375375375375,0.6101167925961236,0.5340860839230127,0.06707735253031274
0.5385385385385385,0.6113116037893839,0.5340860839230127,0.06707735253031274
0.5395395395395395,0.6113256776250778,0.5340860839230127,0.06707735253031274
0.5405405405405406,0.613114170065423,0.5340860839230127,0.06707735253031274
0.5415415415415415,0.6131325505333304,0.5340860839230127,0.06707735253031274
0.5425425425425425,0.6131821810012377,0.5340860839230127,0.06707735253031274
0.5435435435435435,0.6146202281946945,0.5340860839230127,0.06707735253031274
0.5445445445445445,0.6146395115262498,0.5340860839230127,0.06707735253031274
0.5455455455455456,0.6159371636521316,0.5340860839230127,0.06707735253031274
0.5465465465465466,0.6159564469836871,0.5340860839230127,0.06707735253031274
0.5475475475475475,0.6160868414263535,0.5340860839230127,0.06707735253031274
0.5485485485485485,0.6175021897272821,0.5340860839230127,0.06707735253031274
0.5495495495495496,0.6175190200150312,0.5340860839230127,0.06707735253031274
0.5505505505505506,0.618737685471282,0.5340860839230127,0.06707735253031274
0.5515515515515516,0.618886884687099,0.5340860839230127,0.06707735253031274
0.5525525525525525,0.6189266594879884,0.5340860839230127,0.06707735253031274
0.5535535535535535,0.62060008901567,0.5340860839230127,0.06707735253031274
0.5545545545545546,0.6206198031396362,0.5340860839230127,0.06707735253031274
0.5555555555555556,0.6223388679129532,0.5340860839230127,0.06707735253031274
0.5565565565565566,0.6223598690382064,0.5340860839230127,0.06707735253031274
0.5575575575575575,0.6223808701634594,0.5340860839230127,0.06707735253031274
0.5585585585585585,0.6236457638299026,0.5340860839230127,0.06707735253031274
0.5595595595595596,0.624407038473876,0.5340860839230127,0.06707735253031274
0.5605605605605606,0.6244623691303839,0.5340860839230127,0.06707735253031274
0.5615615615615616,0.6260242653267906,0.5340860839230127,0.06707735253031274
0.5625625625625625,0.6266735929717397,0.5340860839230127,0.06707735253031274
0.5635635635635635,0.6266960437398124,0.5340860839230127,0.06707735253031274
0.5645645645645646,0.6282060064100309,0.5340860839230127,0.06707735253031274
0.5655655655655656,0.6283748812205099,0.5340860839230127,0.06707735253031274
0.5665665665665666,0.6283966972074598,0.5340860839230127,0.06707735253031274
0.5675675675675675,0.6297958733452581,0.5340860839230127,0.06707735253031274
0.5685685685685685,0.6303468258761595,0.5340860839230127,0.06707735253031274
0.5695695695695696,0.630370250879533,0.5340860839230127,0.06707735253031274
0.5705705705705706,0.6303936758829068,0.5340860839230127,0.06707735253031274
0.5715715715715716,0.6330450301984957,0.5340860839230127,0.06707735253031274
0.5725725725725725,0.6330719791936974,0.5340860839230127,0.06707735253031274
0.5735735735735735,0.6330989281888992,0.5340860839230127,0.06707735253031274
0.5745745745745746,0.6333379983962221,0.5340860839230127,0.06707735253031274
0.5755755755755756,0.6353646596036358,0.5340860839230127,0.06707735253031274
0.5765765765765766,0.6356677038430182,0.5340860839230127,0.06707735253031274
0.5775775775775776,0.6357867449303121,0.5340860839230127,0.06707735253031274
0.5785785785785785,0.6366994225112423,0.5340860839230127,0.06707735253031274
0.5795795795795796,0.6378706586507311,0.5340860839230127,0.06707735253031274
0.5805805805805806,0.6379007560324147,0.5340860839230127,0.06707735253031274
0.5815815815815816,0.6398388900221345,0.5340860839230127,0.06707735253031274
0.5825825825825826,0.6398696881045189,0.5340860839230127,0.06707735253031274
0.5835835835835835,0.6412273954825624,0.5340860839230127,0.06707735253031274
0.5845845845845846,0.6412590125657655,0.5340860839230127,0.06707735253031274
0.5855855855855856,0.6425727579310969,0.5340860839230127,0.06707735253031274
0.5865865865865866,0.642702765008115,0.5340860839230127,0.06707735253031274
0.5875875875875876,0.6430885278408887,0.5340860839230127,0.06707735253031274
0.5885885885885885,0.643926850650519,0.5340860839230127,0.06707735253031274
0.5895895895895896,0.6439620224830853,0.5340860839230127,0.06707735253031274
0.5905905905905906,0.6463701648471587,0.5340860839230127,0.06707735253031274
0.5915915915915916,0.6471084700298774,0.5340860839230127,0.06707735253031274
0.5925925925925926,0.6473856651962293,0.5340860839230127,0.06707735253031274
0.5935935935935935,0.6474312379212811,0.5340860839230127,0.06707735253031274
0.5945945945945946,0.6495195248721872,0.5340860839230127,0.06707735253031274
0.5955955955955956,0.6503827234646408,0.5340860839230127,0.06707735253031274
0.5965965965965966,0.6506178917141516,0.5340860839230127,0.06707735253031274
0.5975975975975976,0.650671347948617,0.5340860839230127,0.06707735253031274
0.5985985985985985,0.6507248041830827,0.5340860839230127,0.06707735253031274
0.5995995995995996,0.6507782604175479,0.5340860839230127,0.06707735253031274
0.6006006006006006,0.655109242272872,0.5340860839230127,0.06707735253031274
0.6016016016016016,0.6551524898860179,0.5340860839230127,0.06707735253031274
0.6026026026026026,0.6551957374991638,0.5340860839230127,0.06707735253031274
0.6036036036036035,0.6552389851123092,0.5340860839230127,0.06707735253031274
0.6046046046046046,0.6556015051228523,0.5340860839230127,0.06707735253031274
0.6056056056056056,0.6574750243417953,0.5340860839230127,0.06707735253031274
0.6066066066066066,0.6578913062728831,0.5340860839230127,0.06707735253031274
0.6076076076076076,0.6581199214046018,0.5340860839230127,0.06707735253031274
0.6086086086086087,0.6582444251304852,0.5340860839230127,0.06707735253031274
0.6096096096096096,0.6589161677788604,0.5340860839230127,0.06707735253031274
0.6106106106106106,0.6609492760663801,0.5340860839230127,0.06707735253031274
0.6116116116116116,0.6627357099405583,0.5340860839230127,0.06707735253031274
0.6126126126126126,0.6633422674574407,0.5340860839230127,0.06707735253031274
0.6136136136136137,0.6637060087545483,0.5340860839230127,0.06707735253031274
0.6146146146146146,0.6647148319249123,0.5340860839230127,0.06707735253031274
0.6156156156156156,0.6670577020245128,0.5340860839230127,0.06707735253031274
0.6166166166166166,0.667120329337773,0.5340860839230127,0.06707735253031274
0.6176176176176176,0.667819320287397,0.5340860839230127,0.06707735253031274
0.6186186186186187,0.6685547834800147,0.5340860839230127,0.06707735253031274
0.6196196196196196,0.6700874563537097,0.5340860839230127,0.06707735253031274
0.6206206206206206,0.6702112150500695,0.5340860839230127,0.06707735253031274
0.6216216216216216,0.67191490990694,0.5340860839230127,0.06707735253031274
0.6226226226226226,0.6728895596937259,0.5340860839230127,0.06707735253031274
0.6236236236236237,0.6729503098666119,0.5340860839230127,0.06707735253031274
0.6246246246246246,0.6730110600394978,0.5340860839230127,0.06707735253031274
0.6256256256256256,0.676042435003842,0.5340860839230127,0.06707735253031274
0.6266266266266266,0.6761028515097278,0.5340860839230127,0.06707735253031274
0.6276276276276276,0.6763356818087167,0.5340860839230127,0.06707735253031274
0.6286286286286287,0.6795918123469524,0.5340860839230127,0.06707735253031274
0.6296296296296297,0.6797307240724747,0.5340860839230127,0.06707735253031274
0.6306306306306306,0.680469580765589,0.5340860839230127,0.06707735253031274
0.6316316316316316,0.6820811245715863,0.5340860839230127,0.06707735253031274
0.6326326326326326,0.6821433333282487,0.5340860839230127,0.06707735253031274
0.6336336336336337,0.6829309881761635,0.5340860839230127,0.06707735253031274
0.6346346346346347,0.6849242048027224,0.5340860839230127,0.06707735253031274
0.6356356356356356,0.6849832830784764,0.5340860839230127,0.06707735253031274
0.6366366366366366,0.6868211354001439,0.5340860839230127,0.06707735253031274
0.6376376376376376,0.6868795325377067,0.5340860839230127,0.06707735253031274
0.6386386386386387,0.687332597069937,0.5340860839230127,0.06707735253031274
0.6396396396396397,0.6886231695646755,0.5340860839230127,0.06707735253031274
0.6406406406406406,0.6887207240413961,0.5340860839230127,0.06707735253031274
0.6416416416416416,0.6915647493792216,0.5340860839230127,0.06707735253031274
0.6426426426426426,0.6916278596556439,0.5340860839230127,0.06707735253031274
0.6436436436436437,0.6934145041950749,0.5340860839230127,0.06707735253031274
0.6446446446446447,0.6947670882714972,0.5340860839230127,0.06707735253031274
0.6456456456456456,0.6956299132010179,0.5340860839230127,0.06707735253031274
0.6466466466466466,0.696007162950767,0.5340860839230127,0.06707735253031274
0.6476476476476476,0.6974862747527855,0.5340860839230127,0.06707735253031274
0.6486486486486487,0.6988326314538993,0.5340860839230127,0.06707735253031274
0.6496496496496497,0.6988960424185794,0.5340860839230127,0.06707735253031274
0.6506506506506506,0.7010605920218975,0.5340860839230127,0.06707735253031274
0.6516516516516516,0.7026714085001993,0.5340860839230127,0.06707735253031274
0.6526526526526526,0.7034820114104016,0.5340860839230127,0.06707735253031274
0.6536536536536537,0.7036869355868418,0.5340860839230127,0.06707735253031274
0.6546546546546547,0.7038745844234261,0.5340860839230127,0.06707735253031274
0.6556556556556556,0.7043637112085473,0.5340860839230127,0.06707735253031274
0.6566566566566566,0.7051931764939332,0.5340860839230127,0.06707735253031274
0.6576576576576576,0.707029179567107,0.5340860839230127,0.06707735253031274
0.6586586586586587,0.7111050861579625,0.5340860839230127,0.06707735253031274
0.6596596596596597,0.7128905253727017,0.5340860839230127,0.06707735253031274
0.6606606606606606,0.713176574582959,0.5340860839230127,0.06707735253031274
0.6616616616616616,0.7132515126821051,0.5340860839230127,0.06707735253031274
0.6626626626626626,0.713326450781251,0.5340860839230127,0.06707735253031274
0.6636636636636637,0.7134013888803964,0.5340860839230127,0.06707735253031274
0.6646646646646647,0.7134763269795424,0.5340860839230127,0.06707735253031274
0.6656656656656657,0.7135512650786882,0.5340860839230127,0.06707735253031274
0.6666666666666666,0.720581207076606,0.5340860839230127,0.06707735253031274
0.6676676676676676,0.7206697820300176,0.5340860839230127,0.06707735253031274
0.6686686686686687,0.7207583569834293,0.5340860839230127,0.06707735253031274
0.6696696696696697,0.7208469319368408,0.5340860839230127,0.06707735253031274
0.6706706706706707,0.7209355068902527,0.5340860839230127,0.06707735253031274
0.6716716716716716,0.7210240818436642,0.5340860839230127,0.06707735253031274
0.6726726726726726,0.7211126567970759,0.5340860839230127,0.06707735253031274
0.6736736736736737,0.7213333973262017,0.5340860839230127,0.06707735253031274
0.6746746746746747,0.7238994824196321,0.5340860839230127,0.06707735253031274
0.6756756756756757,0.727051765479432,0.5340860839230127,0.06707735253031274
0.6766766766766766,0.7281875566934936,0.5340860839230127,0.06707735253031274
0.6776776776776777,0.7286655524679265,0.5340860839230127,0.06707735253031274
0.6786786786786787,0.7288720597208714,0.5340860839230127,0.06707735253031274
0.6796796796796797,0.7289627011079506,0.5340860839230127,0.06707735253031274
0.6806806806806807,0.7291533424950294,0.5340860839230127,0.06707735253031274
0.6816816816816816,0.7301536662917909,0.5340860839230127,0.06707735253031274
0.6826826826826827,0.7313568360321392,0.5340860839230127,0.06707735253031274
0.6836836836836837,0.7333206681442607,0.5340860839230127,0.06707735253031274
0.6846846846846847,0.7357458886899932,0.5340860839230127,0.06707735253031274
0.6856856856856857,0.7358376567356063,0.5340860839230127,0.06707735253031274
0.6866866866866866,0.7375079588708643,0.5340860839230127,0.06707735253031274
0.6876876876876877,0.7386426726399787,0.5340860839230127,0.06707735253031274
0.6886886886886887,0.7387378885779287,0.5340860839230127,0.06707735253031274
0.6896896896896897,0.7402380876502734,0.5340860839230127,0.06707735253031274
0.6906906906906907,0.7428582674065307,0.5340860839230127,0.06707735253031274
0.6916916916916916,0.742953435308829,0.5340860839230127,0.06707735253031274
0.6926926926926927,0.7457824645082222,0.5340860839230127,0.06707735253031274
0.6936936936936937,0.7458721603621395,0.5340860839230127,0.06707735253031274
0.6946946946946947,0.7479124919691118,0.5340860839230127,0.06707735253031274
0.6956956956956957,0.7484092744853336,0.5340860839230127,0.06707735253031274
0.6966966966966966,0.7484917014695531,0.5340860839230127,0.06707735253031274
0.6976976976976977,0.7507333342380506,0.5340860839230127,0.06707735253031274
0.6986986986986987,0.7508122712458072,0.5340860839230127,0.06707735253031274
0.6996996996996997,0.7508912082535638,0.5340860839230127,0.06707735253031274
0.7007007007007007,0.7533959510671262,0.5340860839230127,0.06707735253031274
0.7017017017017017,0.7534760392260338,0.5340860839230127,0.06707735253031274
0.7027027027027027,0.7561185396915409,0.5340860839230127,0.06707735253031274
0.7037037037037037,0.7561908684466935,0.5340860839230127,0.06707735253031274
0.7047047047047047,0.7571795719098884,0.5340860839230127,0.06707735253031274
0.7057057057057057,0.7572500654965401,0.5340860839230127,0.06707735253031274
0.7067067067067067,0.7583957099461986,0.5340860839230127,0.06707735253031274
0.7077077077077077,0.7602687574803318,0.5340860839230127,0.06707735253031274
0.7087087087087087,0.760824188519765,0.5340860839230127,0.06707735253031274
0.7097097097097097,0.7614229096605247,0.5340860839230127,0.06707735253031274
0.7107107107107107,0.7632007189029909,0.5340860839230127,0.06707735253031274
0.7117117117117117,0.7646387514640137,0.5340860839230127,0.06707735253031274
0.7127127127127127,0.7647271272253799,0.5340860839230127,0.06707735253031274
0.7137137137137137,0.7648155029867465,0.5340860839230127,0.06707735253031274
0.7147147147147147,0.76841327840505,0.5340860839230127,0.06707735253031274
0.7157157157157157,0.768496814295419,0.5340860839230127,0.06707735253031274
0.7167167167167167,0.7685803501857882,0.5340860839230127,0.06707735253031274
0.7177177177177178,0.7693412399005698,0.5340860839230127,0.06707735253031274
0.7187187187187187,0.770623949139323,0.5340860839230127,0.06707735253031274
0.7197197197197197,0.7715820906701243,0.5340860839230127,0.06707735253031274
0.7207207207207207,0.7716650757945188,0.5340860839230127,0.06707735253031274
0.7217217217217217,0.7728552491882646,0.5340860839230127,0.06707735253031274
0.7227227227227228,0.7740209902210908,0.5340860839230127,0.06707735253031274
0.7237237237237237,0.774799560516747,0.5340860839230127,0.06707735253031274
0.7247247247247247,0.7750966957231248,0.5340860839230127,0.06707735253031274
0.7257257257257257,0.7768632258061234,0.5340860839230127,0.06707735253031274
0.7267267267267267,0.7769454107681389,0.5340860839230127,0.06707735253031274
0.7277277277277278,0.7781688486852371,0.5340860839230127,0.06707735253031274
0.7287287287287287,0.7782510336472528,0.5340860839230127,0.06707735253031274
0.7297297297297297,0.7806136240146737,0.5340860839230127,0.06707735253031274
0.7307307307307307,0.780697752780959,0.5340860839230127,0.06707735253031274
0.7317317317317317,0.782930439140246,0.5340860839230127,0.06707735253031274
0.7327327327327328,0.7830063246205096,0.5340860839230127,0.06707735253031274
0.7337337337337337,0.7839287566473204,0.5340860839230127,0.06707735253031274
0.7347347347347347,0.7843221928580382,0.5340860839230127,0.06707735253031274
0.7357357357357357,0.7856752734957917,0.5340860839230127,0.06707735253031274
0.7367367367367368,0.78574429833862,0.5340860839230127,0.06707735253031274
0.7377377377377378,0.7877144385825635,0.5340860839230127,0.06707735253031274
0.7387387387387387,0.7892242670109323,0.5340860839230127,0.06707735253031274
0.7397397397397397,0.7896358121715132,0.5340860839230127,0.06707735253031274
0.7407407407407407,0.7897261596638373,0.5340860839230127,0.06707735253031274
0.7417417417417418,0.7897831738228284,0.5340860839230127,0.06707735253031274
0.7427427427427428,0.790207875397126,0.5340860839230127,0.06707735253031274
0.7437437437437437,0.7932628496643364,0.5340860839230127,0.06707735253031274
0.7447447447447447,0.7948863257593836,0.5340860839230127,0.06707735253031274
0.7457457457457457,0.7949375662281408,0.5340860839230127,0.06707735253031274
0.7467467467467468,0.7949888066968983,0.5340860839230127,0.06707735253031274
0.7477477477477478,0.7950400471656558,0.5340860839230127,0.06707735253031274
0.7487487487487487,0.7950912876344133,0.5340860839230127,0.06707735253031274
0.7497497497497497,0.7951425281031709,0.5340860839230127,0.06707735253031274
0.7507507507507507,0.7997128231937607,0.5340860839230127,0.06707735253031274
0.7517517517517518,0.7997554371909286,0.5340860839230127,0.06707735253031274
0.7527527527527528,0.7997980511880969,0.5340860839230127,0.06707735253031274
0.7537537537537538,0.7998406651852651,0.5340860839230127,0.06707735253031274
0.7547547547547547,0.7998832791824332,0.5340860839230127,0.06707735253031274
0.7557557557557557,0.8009566732684454,0.5340860839230127,0.06707735253031274
0.7567567567567568,0.8048236779737254,0.5340860839230127,0.06707735253031274
0.7577577577577578,0.8052774122146324,0.5340860839230127,0.06707735253031274
0.7587587587587588,0.8055430739441461,0.5340860839230127,0.06707735253031274
0.7597597597597597,0.8055925587123844,0.5340860839230127,0.06707735253031274
0.7607607607607607,0.8057420434806233,0.5340860839230127,0.06707735253031274
0.7617617617617618,0.8064391906171126,0.5340860839230127,0.06707735253031274
0.7627627627627628,0.8078286128460315,0.5340860839230127,0.06707735253031274
0.7637637637637638,0.8093282020506148,0.5340860839230127,0.06707735253031274
0.7647647647647647,0.8105060544044753,0.5340860839230127,0.06707735253031274
0.7657657657657657,0.8105530077433795,0.5340860839230127,0.06707735253031274
0.7667667667667668,0.8112550954085285,0.5340860839230127,0.06707735253031274
0.7677677677677678,0.8129528192012061,0.5340860839230127,0.06707735253031274
0.7687687687687688,0.8130038557661153,0.5340860839230127,0.06707735253031274
0.7697697697697697,0.8153440152389365,0.5340860839230127,0.06707735253031274
0.7707707707707707,0.8153976673371749,0.5340860839230127,0.06707735253031274
0.7717717717717718,0.8169265071231008,0.5340860839230127,0.06707735253031274
0.7727727727727728,0.8175322390789741,0.5340860839230127,0.06707735253031274
0.7737737737737738,0.8175829993965429,0.5340860839230127,0.06707735253031274
0.7747747747747747,0.8178378413467644,0.5340860839230127,0.06707735253031274
0.7757757757757757,0.8200380664517007,0.5340860839230127,0.06707735253031274
0.7767767767767768,0.8200876158809612,0.5340860839230127,0.06707735253031274
0.7777777777777778,0.8217508016738588,0.5340860839230127,0.06707735253031274
0.7787787787787788,0.8217941208468896,0.5340860839230127,0.06707735253031274
0.7797797797797797,0.8218374400199201,0.5340860839230127,0.06707735253031274
0.7807807807807807,0.8233015261137173,0.5340860839230127,0.06707735253031274
0.7817817817817818,0.8238358892152923,0.5340860839230127,0.06707735253031274
0.7827827827827828,0.8241340197607814,0.5340860839230127,0.06707735253031274
0.7837837837837838,0.8263534909355454,0.5340860839230127,0.06707735253031274
0.7847847847847848,0.8264235516734094,0.5340860839230127,0.06707735253031274
0.7857857857857857,0.8280916417193748,0.5340860839230127,0.06707735253031274
0.7867867867867868,0.8281261133290905,0.5340860839230127,0.06707735253031274
0.7877877877877878,0.8284014318463196,0.5340860839230127,0.06707735253031274
0.7887887887887888,0.8290287968007015,0.5340860839230127,0.06707735253031274
0.7897897897897898,0.8311311306449457,0.5340860839230127,0.06707735253031274
0.7907907907907907,0.8318901082629515,0.5340860839230127,0.06707735253031274
0.7917917917917918,0.8321995510420638,0.5340860839230127,0.06707735253031274
0.7927927927927928,0.8323018178952503,0.5340860839230127,0.06707735253031274
0.7937937937937938,0.8325653047920096,0.5340860839230127,0.06707735253031274
0.7947947947947948,0.8337883989942843,0.5340860839230127,0.06707735253031274
0.7957957957957957,0.8371928430688773,0.5340860839230127,0.06707735253031274
0.7967967967967968,0.837532958280995,0.5340860839230127,0.06707735253031274
0.7977977977977978,0.8375502991058221,0.5340860839230127,0.06707735253031274
0.7987987987987988,0.8375676399306493,0.5340860839230127,0.06707735253031274
0.7997997997997998,0.8375849807554762,0.5340860839230127,0.06707735253031274
0.8008008008008007,0.8410844885885811,0.5340860839230127,0.06707735253031274
0.8018018018018018,0.8411002723007398,0.5340860839230127,0.06707735253031274
0.8028028028028028,0.841116056012899,0.5340860839230127,0.06707735253031274
0.8038038038038038,0.8411318397250573,0.5340860839230127,0.06707735253031274
0.8048048048048048,0.8414708437163188,0.5340860839230127,0.06707735253031274
0.8058058058058059,0.8441315558707916,0.5340860839230127,0.06707735253031274
0.8068068068068068,0.8446542936253851,0.5340860839230127,0.06707735253031274
0.8078078078078078,0.8448149754464944,0.5340860839230127,0.06707735253031274
0.8088088088088088,0.8448881151800616,0.5340860839230127,0.06707735253031274
0.8098098098098098,0.8459006488530225,0.5340860839230127,0.06707735253031274
0.8108108108108109,0.8470992290376115,0.5340860839230127,0.06707735253031274
0.8118118118118118,0.8471065947519162,0.5340860839230127,0.06707735253031274
0.8128128128128128,0.8480412523414297,0.5340860839230127,0.06707735253031274
0.8138138138138138,0.8480492853897349,0.5340860839230127,0.06707735253031274
0.8148148148148148,0.8497387691194911,0.5340860839230127,0.06707735253031274
0.8158158158158159,0.8514827306589052,0.5340860839230127,0.06707735253031274
0.8168168168168168,0.8516819248887669,0.5340860839230127,0.06707735253031274
0.8178178178178178,0.8516875707315319,0.5340860839230127,0.06707735253031274
0.8188188188188188,0.8522276392948899,0.5340860839230127,0.06707735253031274
0.8198198198198198,0.852232582307165,0.5340860839230127,0.06707735253031274
0.8208208208208209,0.8537738177093909,0.5340860839230127,0.06707735253031274
0.8218218218218218,0.8539701162422895,0.5340860839230127,0.06707735253031274
0.8228228228228228,0.8548891649979387,0.5340860839230127,0.06707735253031274
0.8238238238238238,0.8559763695941573,0.5340860839230127,0.06707735253031274
0.8248248248248248,0.8559823873063405,0.5340860839230127,0.06707735253031274
0.8258258258258259,0.857187166279785,0.5340860839230127,0.06707735253031274
0.8268268268268268,0.8577210942551723,0.5340860839230127,0.06707735253031274
0.8278278278278278,0.8579377953398034,0.5340860839230127,0.06707735253031274
0.8288288288288288,0.8585645337727074,0.5340860839230127,0.06707735253031274
0.8298298298298298,0.8602753436896832,0.5340860839230127,0.06707735253031274
0.8308308308308309,0.8602798599003647,0.5340860839230127,0.06707735253031274
0.8318318318318318,0.8602843761110462,0.5340860839230127,0.06707735253031274
0.8328328328328328,0.8602888923217281,0.5340860839230127,0.06707735253031274
0.8338338338338338,0.8626355160047147,0.5340860839230127,0.06707735253031274
0.8348348348348348,0.8626437328059391,0.5340860839230127,0.06707735253031274
0.8358358358358359,0.8626519496071633,0.5340860839230127,0.06707735253031274
0.8368368368368369,0.8627891986664522,0.5340860839230127,0.06707735253031274
0.8378378378378378,0.864788615970505,0.5340860839230127,0.06707735253031274
0.8388388388388388,0.8653473680404263,0.5340860839230127,0.06707735253031274
0.8398398398398398,0.8653547319875308,0.5340860839230127,0.06707735253031274
0.8408408408408409,0.8653954292679688,0.5340860839230127,0.06707735253031274
0.8418418418418419,0.8657916821039624,0.5340860839230127,0.06707735253031274
0.8428428428428428,0.8669915242435452,0.5340860839230127,0.06707735253031274
0.8438438438438438,0.8672307092974708,0.5340860839230127,0.06707735253031274
0.8448448448448448,0.8679253223984914,0.5340860839230127,0.06707735253031274
0.8458458458458459,0.8679334490130255,0.5340860839230127,0.06707735253031274
0.8468468468468469,0.8700341682201521,0.5340860839230127,0.06707735253031274
0.8478478478478478,0.8703952360111569,0.5340860839230127,0.06707735253031274
0.8488488488488488,0.8709996184559892,0.5340860839230127,0.06707735253031274
0.8498498498498498,0.8710091507315032,0.5340860839230127,0.06707735253031274
0.8508508508508509,0.8722936830070173,0.5340860839230127,0.06707735253031274
0.8518518518518519,0.8730607910401075,0.5340860839230127,0.06707735253031274
0.8528528528528528,0.8730703233156214,0.5340860839230127,0.06707735253031274
0.8538538538538538,0.875615412887562,0.5340860839230127,0.06707735253031274
0.8548548548548548,0.875624205292771,0.5340860839230127,0.06707735253031274
0.8558558558558559,0.87563299769798,0.5340860839230127,0.06707735253031274
0.8568568568568569,0.8756417901031889,0.5340860839230127,0.06707735253031274
0.8578578578578578,0.8785244217126279,0.5340860839230127,0.06707735253031274
0.8588588588588588,0.8785310013787819,0.5340860839230127,0.06707735253031274
0.8598598598598598,0.8785375810449361,0.5340860839230127,0.06707735253031274
0.8608608608608609,0.8790306471975767,0.5340860839230127,0.06707735253031274
0.8618618618618619,0.8799217477482519,0.5340860839230127,0.06707735253031274
0.8628628628628628,0.8802355391070132,0.5340860839230127,0.06707735253031274
0.8638638638638638,0.8809341062151548,0.5340860839230127,0.06707735253031274
0.8648648648648649,0.8817056707393169,0.5340860839230127,0.06707735253031274
0.8658658658658659,0.8817455076887284,0.5340860839230127,0.06707735253031274
0.8668668668668669,0.8826810589238544,0.5340860839230127,0.06707735253031274
0.8678678678678678,0.8826851815875515,0.5340860839230127,0.06707735253031274
0.8688688688688688,0.8842357077976521,0.5340860839230127,0.06707735253031274
0.8698698698698699,0.8846782899292204,0.5340860839230127,0.06707735253031274
0.8708708708708709,0.8846796955902004,0.5340860839230127,0.06707735253031274
0.8718718718718719,0.8861992694940874,0.5340860839230127,0.06707735253031274
0.8728728728728729,0.886655220609613,0.5340860839230127,0.06707735253031274
0.8738738738738738,0.8866566262705932,0.5340860839230127,0.06707735253031274
0.8748748748748749,0.8866580319315733,0.5340860839230127,0.06707735253031274
0.8758758758758759,0.8889261042592201,0.5340860839230127,0.06707735253031274
0.8768768768768769,0.8889275099202002,0.5340860839230127,0.06707735253031274
0.8778778778778779,0.8890579478392449,0.5340860839230127,0.06707735253031274
0.8788788788788788,0.8905867761765835,0.5340860839230127,0.06707735253031274
0.8798798798798799,0.8905867761765835,0.5340860839230127,0.06707735253031274
0.8808808808808809,0.8906534428432502,0.5340860839230127,0.06707735253031274
0.8818818818818819,0.8922850217906187,0.5340860839230127,0.06707735253031274
0.8828828828828829,0.8936058613708286,0.5340860839230127,0.06707735253031274
0.8838838838838838,0.8942274829924503,0.5340860839230127,0.06707735253031274
0.8848848848848849,0.8942631972781646,0.5340860839230127,0.06707735253031274
0.8858858858858859,0.8949743083892756,0.5340860839230127,0.06707735253031274
0.8868868868868869,0.8958446787596457,0.5340860839230127,0.06707735253031274
0.8878878878878879,0.8958446787596457,0.5340860839230127,0.06707735253031274
0.8888888888888888,0.8972505229154897,0.5340860839230127,0.06707735253031274
0.8898898898898899,0.8972530969180637,0.5340860839230127,0.06707735253031274
0.8908908908908909,0.8972556709206377,0.5340860839230127,0.06707735253031274
0.8918918918918919,0.8992185732405851,0.5340860839230127,0.06707735253031274
0.8928928928928929,0.8992788395508513,0.5340860839230127,0.06707735253031274
0.8938938938938938,0.8995844438564556,0.5340860839230127,0.06707735253031274
0.8948948948948949,0.9005632083352201,0.5340860839230127,0.06707735253031274
0.8958958958958959,0.9005970323377941,0.5340860839230127,0.06707735253031274
0.8968968968968969,0.9006192141835054,0.5340860839230127,0.06707735253031274
0.8978978978978979,0.902304715015348,0.5340860839230127,0.06707735253031274
0.8988988988988988,0.9023718051469543,0.5340860839230127,0.06707735253031274
0.8998998998998999,0.9023743791495283,0.5340860839230127,0.06707735253031274
0.9009009009009009,0.9040436198187694,0.5340860839230127,0.06707735253031274
0.9019019019019019,0.9040461938213433,0.5340860839230127,0.06707735253031274
0.9029029029029029,0.9058436396187892,0.5340860839230127,0.06707735253031274
0.9039039039039038,0.9062135605601387,0.5340860839230127,0.06707735253031274
0.9049049049049049,0.9069529766679761,0.5340860839230127,0.06707735253031274
0.9059059059059059,0.9069555506705501,0.5340860839230127,0.06707735253031274
0.9069069069069069,0.9073956246731242,0.5340860839230127,0.06707735253031274
0.9079079079079079,0.9087495500270496,0.5340860839230127,0.06707735253031274
0.9089089089089089,0.9087521240296236,0.5340860839230127,0.06707735253031274
0.9099099099099099,0.9097257382213231,0.5340860839230127,0.06707735253031274
0.9109109109109109,0.909728312223897,0.5340860839230127,0.06707735253031274
0.9119119119119119,0.9108983922418029,0.5340860839230127,0.06707735253031274
0.9129129129129129,0.9108983922418029,0.5340860839230127,0.06707735253031274
0.9139139139139139,0.9113101569476852,0.5340860839230127,0.06707735253031274
0.914914914914915,0.9122131872507155,0.5340860839230127,0.06707735253031274
0.9159159159159159,0.9122131872507155,0.5340860839230127,0.06707735253031274
0.9169169169169169,0.9133609145234427,0.5340860839230127,0.06707735253031274
0.9179179179179179,0.9133609145234427,0.5340860839230127,0.06707735253031274
0.9189189189189189,0.913618979039572,0.5340860839230127,0.06707735253031274
0.91991991991992,0.9150840953186418,0.5340860839230127,0.06707735253031274
0.9209209209209209,0.9151174286519751,0.5340860839230127,0.06707735253031274
0.9219219219219219,0.9163185780772625,0.5340860839230127,0.06707735253031274
0.9229229229229229,0.9163185780772625,0.5340860839230127,0.06707735253031274
0.9239239239239239,0.9182169520610023,0.5340860839230127,0.06707735253031274
0.924924924924925,0.9182169520610023,0.5340860839230127,0.06707735253031274
0.9259259259259259,0.919366952061002,0.5340860839230127,0.06707735253031274
0.9269269269269269,0.9207515674456175,0.5340860839230127,0.06707735253031274
0.9279279279279279,0.9207515674456175,0.5340860839230127,0.06707735253031274
0.9289289289289289,0.9221017698747673,0.5340860839230127,0.06707735253031274
0.92992992992993,0.9221017698747673,0.5340860839230127,0.06707735253031274
0.9309309309309309,0.9225071752801727,0.5340860839230127,0.06707735253031274
0.9319319319319319,0.9233960641690618,0.5340860839230127,0.06707735253031274
0.9329329329329329,0.9233960641690618,0.5340860839230127,0.06707735253031274
0.933933933933934,0.9247817784547758,0.5340860839230127,0.06707735253031274
0.934934934934935,0.9250170725724229,0.5340860839230127,0.06707735253031274
0.9359359359359359,0.925221154205076,0.5340860839230127,0.06707735253031274
0.9369369369369369,0.9255847905687125,0.5340860839230127,0.06707735253031274
0.9379379379379379,0.9261785405687125,0.5340860839230127,0.06707735253031274
0.938938938938939,0.9262753147622608,0.5340860839230127,0.06707735253031274
0.93993993993994,0.9269136126346014,0.5340860839230127,0.06707735253031274
0.9409409409409409,0.9270802793012681,0.5340860839230127,0.06707735253031274
0.9419419419419419,0.9278194097360507,0.5340860839230127,0.06707735253031274
0.9429429429429429,0.9288995684662098,0.5340860839230127,0.06707735253031274
0.943943943943944,0.9288995684662098,0.5340860839230127,0.06707735253031274
0.944944944944945,0.9297562118228532,0.5340860839230127,0.06707735253031274
0.9459459459459459,0.9310585374042485,0.5340860839230127,0.06707735253031274
0.9469469469469469,0.9310585374042485,0.5340860839230127,0.06707735253031274
0.9479479479479479,0.932129965975677,0.5340860839230127,0.06707735253031274
0.948948948948949,0.9342519171951891,0.5340860839230127,0.06707735253031274
0.94994994994995,0.9342519171951891,0.5340860839230127,0.06707735253031274
0.950950950950951,0.9355519171951894,0.5340860839230127,0.06707735253031274
0.9519519519519519,0.9370390966823691,0.5340860839230127,0.06707735253031274
0.9529529529529529,0.938354886156053,0.5340860839230127,0.06707735253031274
0.953953953953954,0.9394089402101072,0.5340860839230127,0.06707735253031274
0.954954954954955,0.940436717987885,0.5340860839230127,0.06707735253031274
0.955955955955956,0.941179575130742,0.5340860839230127,0.06707735253031274
0.9569569569569569,0.9416795751307421,0.5340860839230127,0.06707735253031274
0.9579579579579579,0.9419523024034692,0.5340860839230127,0.06707735253031274
0.958958958958959,0.9422335524034692,0.5340860839230127,0.06707735253031274
0.95995995995996,0.9425561330486304,0.5340860839230127,0.06707735253031274
0.960960960960961,0.9427250985658717,0.5340860839230127,0.06707735253031274
0.9619619619619619,0.9427436170843901,0.5340860839230127,0.06707735253031274
0.9629629629629629,0.9427436170843901,0.5340860839230127,0.06707735253031274
0.963963963963964,0.9427436170843901,0.5340860839230127,0.06707735253031274
0.964964964964965,0.9428590016997748,0.5340860839230127,0.06707735253031274
0.965965965965966,0.9431531193468337,0.5340860839230127,0.06707735253031274
0.9669669669669669,0.9433931193468337,0.5340860839230127,0.06707735253031274
0.9679679679679679,0.9438012826121397,0.5340860839230127,0.06707735253031274
0.968968968968969,0.9442804492788063,0.5340860839230127,0.06707735253031274
0.96996996996997,0.9445783216192319,0.5340860839230127,0.06707735253031274
0.970970970970971,0.9455131042279273,0.5340860839230127,0.06707735253031274
0.9719719719719719,0.946490882005705,0.5340860839230127,0.06707735253031274
0.9729729729729729,0.9475817910966141,0.5340860839230127,0.06707735253031274
0.973973973973974,0.9502180037211987,0.5340860839230127,0.06707735253031274
0.974974974974975,0.9527545890870528,0.5340860839230127,0.06707735253031274
0.975975975975976,0.9550090762665402,0.5340860839230127,0.06707735253031274
0.9769769769769769,0.9574059468213059,0.5340860839230127,0.06707735253031274
0.9779779779779779,0.9594115023768615,0.5340860839230127,0.06707735253031274
0.978978978978979,0.9603081155675922,0.5340860839230127,0.06707735253031274
0.97997997997998,0.9607506558901728,0.5340860839230127,0.06707735253031274
0.980980980980981,0.9608851386487938,0.5340860839230127,0.06707735253031274
0.9819819819819819,0.9609236001872553,0.5340860839230127,0.06707735253031274
0.9829829829829829,0.9609236001872553,0.5340860839230127,0.06707735253031274
0.983983983983984,0.9609236001872553,0.5340860839230127,0.06707735253031274
0.984984984984985,0.9609236001872553,0.5340860839230127,0.06707735253031274
0.985985985985986,0.9609236001872553,0.5340860839230127,0.06707735253031274
0.986986986986987,0.9609236001872553,0.5340860839230127,0.06707735253031274
0.9879879879879879,0.9609236001872553,0.5340860839230127,0.06707735253031274
0.988988988988989,0.9609236001872553,0.5340860839230127,0.06707735253031274
0.98998998998999,0.9609236001872553,0.5340860839230127,0.06707735253031274
0.990990990990991,0.9609236001872553,0.5340860839230127,0.06707735253031274
0.991991991991992,0.9609236001872553,0.5340860839230127,0.06707735253031274
0.992992992992993,0.9609236001872553,0.5340860839230127,0.06707735253031274
0.993993993993994,0.9609236001872553,0.5340860839230127,0.06707735253031274
0.994994994994995,0.9609236001872553,0.5340860839230127,0.06707735253031274
0.995995995995996,0.9609236001872553,0.5340860839230127,0.06707735253031274
0.996996996996997,0.9609236001872553,0.5340860839230127,0.06707735253031274
0.997997997997998,0.9609236001872553,0.5340860839230127,0.06707735253031274
0.998998998998999,0.9609236001872553,0.5340860839230127,0.06707735253031274
1.0,1.0,0.5340860839230127,0.06707735253031274
